﻿Point_Name,Intersec_Name,Xpos,Ypos,connLength,conn1,conn2,conn3,conn4
1A,Crowchild & Stoney NW,43,115,3,1B,1C,1D,
1B,Stoney & Country Hills NW,70,90,3,1A,1G,1H,
1C,Stoney and 16th Ave NW,29,187,2,1E,1A,,
1D,Crowchild & Shaganappi,126,174,4,1F,1R,1Q,1A
1E,16th Ave and Sarcee,85,203,3,1R,1S,1C,
1F,John Laurie Boulevard and Shaganappi,137,151,3,1D,1G,1M,
1G,Country Hills & Shaganappi,155,95,4,1B,1H,1K,1F
1H,Stoney Trail & Shaganappi,147,77,3,1B,1G,1J,
1J,Deerfoot & Stoney,289,36,2,1H,1K,,
1K,Deerfoot & Country Hills,271,73,3,1G,1J,1M,
1M,Deerfoot & McKnight,245,173,3,1K,1F,1P,
1P,Deerfoot and 16th Ave,261,224,2,1Q,1M,,
1Q,Crowchild and 16th Ave,162,227,4,1D,1P,1R,1T
1R,Shaganappi and 16th Ave,126,225,4,1D,1E,1Q,1E
1S,Sarcee and 17th Ave,109,274,3,1E,1Y,1U,
1T,Crowchild & Memorial,165,255,3,1Q,1U,1V,
1U,Crowchild & 17th Ave,164,276,4,1S,1T,1X,1Z
1V,Memorial & Macleod,229,252,3,1T,1W,1X,
1W,Deerfoot & Memorial,270,258,3,1P,1V,2C,
1X,Macleod & 17th Ave,223,275,3,1U,1V,2A,
1Y,Sarcee and Glenmore,109,324,2,1S,1Z,,
1Z,Crowchild and Glenmore,161,341,3,1Y,1U,2B,
2A,Glenmore & Macleod,213,351,3,1X,2B,2C,
2B,Glenmore & 14th Street,187,353,2,1Z,2A,,
2C,Glenmore & Deerfoot,253,355,2,1W,2A,,
